Date,Name,Year,Letterboxd URI,Rating,Rewatch,Tags,Watched Date
2020-01-15,Freaks of Nature,2015,https://boxd.it/WFKGh,4,,,2020-01-12
2020-01-14,M.F.A.,2017,https://boxd.it/WBjlj,3,,,2020-01-13
2020-01-15,Zathura: A Space Adventure,2005,https://boxd.it/WGWyr,4,,,2020-01-14
2020-01-16,Green Room,2015,https://boxd.it/WMmSd,5,,,2020-01-15
2020-01-20,The Edge of Seventeen,2016,https://boxd.it/X6Wzh,2,,,2020-01-19
2020-01-23,The Lighthouse,2019,https://boxd.it/Xn4Jr,4,,,2020-01-21
2020-01-25,The Two Popes,2019,https://boxd.it/Xyxht,5,,,2020-01-23
2020-01-27,Jumanji: The Next Level,2019,https://boxd.it/XIaIr,4,,,2020-01-25
2020-01-27,Airplane Mode,2020,https://boxd.it/XIToB,5,,,2020-01-26
2020-01-28,Jojo Rabbit,2019,https://boxd.it/XRsWT,5,,,2020-01-27
2020-01-29,1917,2019,https://boxd.it/XXjBf,5,,,2020-01-29
2020-02-03,Little Women,2019,https://boxd.it/YkmRB,4,,,2020-02-02
2020-02-03,Ford v Ferrari,2019,https://boxd.it/YkmVD,4.5,,,2020-02-02
2020-02-05,Uncut Gems,2019,https://boxd.it/YxyXn,2.5,,,2020-02-04
2020-02-07,Bombshell,2019,https://boxd.it/YGZuZ,5,,,2020-02-06
2020-02-11,American Factory,2019,https://boxd.it/Z3Dwb,3,,,2020-02-08
2020-02-12,The Host,2006,https://boxd.it/Z9GZx,4,,,2020-02-11
2020-02-16,Mother,2009,https://boxd.it/ZsLBX,3.5,,,2020-02-15
2020-02-25,Jim & Andy: The Great Beyond,2017,https://boxd.it/10keGX,5,,,2020-02-23
2020-02-28,The Purge,2013,https://boxd.it/10v0zZ,3.5,,,2020-02-26
2020-02-28,The Purge: Anarchy,2014,https://boxd.it/10v0CJ,4.5,,,2020-02-26
2020-03-11,The Invisible Man,2020,https://boxd.it/11svN7,5,,,2020-02-29
2020-03-11,Countdown,2019,https://boxd.it/11svSr,2.5,,,2020-03-01
2020-03-24,The Platform,2019,https://boxd.it/12E4Dx,3.5,,,2020-03-22
2020-03-25,Isle of Dogs,2018,https://boxd.it/12Nvwr,5,,,2020-03-24
2020-03-26,Paradise Lost: The Child Murders at Robin Hood Hills,1996,https://boxd.it/12V9e7,3,,,2020-03-25
2020-03-28,Fantastic Mr. Fox,2009,https://boxd.it/13794Z,4.5,,,2020-03-27
2020-03-29,Bowling for Columbine,2002,https://boxd.it/13g4CF,5,,,2020-03-28
2020-03-29,The Occupant,2020,https://boxd.it/13gF91,2,,,2020-03-28
2020-03-30,Snowpiercer,2013,https://boxd.it/13nFZ1,5,,,2020-03-29
2020-03-31,House of Wax,2005,https://boxd.it/13tJol,5,,,2020-03-30
2020-04-05,The Hunt,2020,https://boxd.it/146YHP,3,,,2020-04-04
2020-04-10,Swallow,2019,https://boxd.it/14HGux,2,,,2020-04-09
2020-04-11,Learning to Skateboard in a Warzone (If You're a Girl),2019,https://boxd.it/14MQzd,4,,,2020-04-10
2020-04-11,Vivarium,2019,https://boxd.it/14POil,3,,,2020-04-10
2020-04-12,Dr. Strangelove or: How I Learned to Stop Worrying and Love the Bomb,1964,https://boxd.it/14XLEJ,,,,2020-04-11
2020-04-12,They Live,1988,https://boxd.it/150X7j,4.5,,,2020-04-12
2020-04-16,Take Shelter,2011,https://boxd.it/15tXQh,3.5,,,2020-04-15
2020-04-19,Eyes Wide Shut,1999,https://boxd.it/15Q7rl,3.5,,,2020-04-18
2020-04-30,The Thing,1982,https://boxd.it/17gk2T,5,,,2020-04-29
2020-05-01,Rosemary's Baby,1968,https://boxd.it/17nLWN,5,,,2020-04-30
2020-05-03,Super Size Me,2004,https://boxd.it/17DKTv,3,,,2020-05-02
2020-05-04,Knives Out,2019,https://boxd.it/17McAn,4.5,,,2020-05-03
2020-05-05,Super Size Me 2: Holy Chicken!,2017,https://boxd.it/17SY7Z,4,,,2020-05-04
2020-05-05,The Florida Project,2017,https://boxd.it/17UuFV,4,,,2020-05-04
2020-05-11,Taking Lives,2004,https://boxd.it/18yOWd,3,,,2020-05-10
2020-05-11,Lady Bird,2017,https://boxd.it/18DLpZ,5,,,2020-05-10
2020-05-12,The Big Lebowski,1998,https://boxd.it/18KTbF,,,,2020-05-11
2020-05-13,A Ghost Story,2017,https://boxd.it/18Ps9H,0.5,,,2020-05-12
2020-05-15,Booksmart,2019,https://boxd.it/1949Az,3.5,,,2020-05-14
2020-05-17,Beautiful Boy,2018,https://boxd.it/19er7F,4.5,,,2020-05-16
2020-05-18,High School Musical,2006,https://boxd.it/19mSJx,5,Yes,,2020-05-17
2020-05-18,High School Musical 2,2007,https://boxd.it/19nywP,5,Yes,,2020-05-17
2020-05-18,High School Musical 3: Senior Year,2008,https://boxd.it/19ooxv,3,Yes,,2020-05-17
2020-05-19,This Is the End,2013,https://boxd.it/19wYT9,4,,,2020-05-18
2020-05-25,Happy Death Day,2017,https://boxd.it/1adus9,4,Yes,,2020-05-24
2020-05-25,Happy Death Day 2U,2019,https://boxd.it/1aftPP,1.5,,,2020-05-24
2020-05-26,True Story,2015,https://boxd.it/1alSit,4,,,2020-05-25
2020-05-28,BlacKkKlansman,2018,https://boxd.it/1aAbV3,5,,,2020-05-27
2020-05-29,Being John Malkovich,1999,https://boxd.it/1aFNbH,2.5,,,2020-05-28
2020-05-31,Revenge,2017,https://boxd.it/1aQTh9,3.5,,,2020-05-30
2020-05-31,The Grand Budapest Hotel,2014,https://boxd.it/1aRpOf,4,,,2020-05-30
2020-05-31,Kick-Ass,2010,https://boxd.it/1aTiqJ,3.5,,,2020-05-30
2020-06-07,The Hate U Give,2018,https://boxd.it/1bAqTv,5,,,2020-06-06
2020-06-14,Head Over Heels 3,2019,https://boxd.it/1cksYf,2,,,2020-06-12
2020-06-24,Candyman,1992,https://boxd.it/1dpjo7,3.5,,,2020-06-23
2020-06-26,The Intern,2015,https://boxd.it/1dA7CN,3.5,,,2020-06-25
2020-06-27,Unsane,2018,https://boxd.it/1dG4lB,4,,,2020-06-26
2020-08-09,Host,2020,https://boxd.it/1i55bX,4,,,2020-08-08
2020-08-09,Work It,2020,https://boxd.it/1i7Yeh,3.5,,,2020-08-08
2020-08-10,The Rental,2020,https://boxd.it/1idVmJ,2.5,,,2020-08-09
2020-08-11,The Double,2013,https://boxd.it/1imWbF,2.5,,,2020-08-10
2020-08-14,Blood Fest,2018,https://boxd.it/1iFwC9,3,,,2020-08-13
2020-08-16,But I'm a Cheerleader,1999,https://boxd.it/1iPwOJ,2.5,,,2020-08-15
2020-08-16,Better Watch Out,2016,https://boxd.it/1iRg6Z,4,,,2020-08-15
2020-08-17,Kiki's Delivery Service,1989,https://boxd.it/1iXHe9,4,,,2020-08-16
2020-08-17,"Angus, Thongs and Perfect Snogging",2008,https://boxd.it/1iZH85,3.5,,,2020-08-16
2020-08-18,The Lodge,2019,https://boxd.it/1j4RRJ,2,,,2020-08-17
2020-08-19,The World's End,2013,https://boxd.it/1jawVn,3.5,,,2020-08-18
2020-08-21,Looks That Kill,2020,https://boxd.it/1jloA9,4,,,2020-08-20
2020-08-21,Spree,2020,https://boxd.it/1jm7NH,3.5,,,2020-08-20
2020-08-22,The Taking of Deborah Logan,2014,https://boxd.it/1ju8xV,4,,,2020-08-21
2020-08-23,Antiviral,2012,https://boxd.it/1jyD57,2.5,,,2020-08-22
2020-08-23,Palm Springs,2020,https://boxd.it/1jAYUp,3.5,,,2020-08-22
2020-08-24,Daniel Isn't Real,2019,https://boxd.it/1jGaPr,4,,,2020-08-23
2020-08-30,My Neighbor Totoro,1988,https://boxd.it/1kkCib,4,,,2020-08-29
2020-08-31,Cheaper by the Dozen,2003,https://boxd.it/1kq3HH,5,,,2020-08-30
2020-08-31,Cheaper by the Dozen 2,2005,https://boxd.it/1krGwZ,3.5,,,2020-08-30
2020-09-01,Sleepaway Camp,1983,https://boxd.it/1kzBm7,2,,,2020-08-31
2020-09-03,The One I Love,2014,https://boxd.it/1kLZhT,2.5,,,2020-09-02
2020-09-04,Hamilton,2020,https://boxd.it/1kRZrB,5,,,2020-09-03
2020-09-06,After Hours,1985,https://boxd.it/1l2VXb,2,,,2020-09-05
2020-09-07,Extra Ordinary,2019,https://boxd.it/1lajsP,1.5,,,2020-09-06
2020-09-10,Tully,2018,https://boxd.it/1lxaat,4,,,2020-09-09
2020-09-11,Pitch Perfect 2,2015,https://boxd.it/1lCxkL,4,,,2020-09-10
2020-09-12,Pitch Perfect 3,2017,https://boxd.it/1lIrAP,2,,,2020-09-11
2020-09-13,Unpregnant,2020,https://boxd.it/1lNXzT,4,,,2020-09-12
2020-09-13,Get Duked!,2019,https://boxd.it/1lPi6F,3,,,2020-09-12
2020-09-14,Becky,2020,https://boxd.it/1lUiJn,4,,,2020-09-13
2020-09-14,Never Rarely Sometimes Always,2020,https://boxd.it/1lWZGl,3,,,2020-09-13
2020-09-26,Eighth Grade,2018,https://boxd.it/1n7QmH,3,,,2020-09-25
2020-10-02,The Craft,1996,https://boxd.it/1nK8IR,3,,,2020-10-01
2020-10-03,Upgrade,2018,https://boxd.it/1nQkoh,3.5,,,2020-10-02
2020-10-06,Friendly Beast,2017,https://boxd.it/1odqKJ,3,,,2020-10-05
2020-10-07,Scream,1996,https://boxd.it/1oj5gl,5,,,2020-10-06
2020-10-15,BLACKPINK: Light Up the Sky,2020,https://boxd.it/1p9VOX,3.5,,,2020-10-14
2020-10-17,La Haine,1995,https://boxd.it/1pmwFd,3.5,,,2020-10-16
2020-10-18,Forgotten,2017,https://boxd.it/1psUgN,1,,,2020-10-17
2020-10-19,Under the Skin,2013,https://boxd.it/1pBEd7,5,,,2020-10-18
2020-10-21,Scream,1996,https://boxd.it/1pOEfX,5,Yes,,2020-10-20
2020-10-23,Shutter,2004,https://boxd.it/1q0XMP,3,,,2020-10-22
2020-10-25,Phobia,2016,https://boxd.it/1qd4tT,2,,,2020-10-24
2020-10-26,Audition,1999,https://boxd.it/1qk2cb,1.5,,,2020-10-24
2020-10-27,Exam,2009,https://boxd.it/1qwNGV,4,,,2020-10-26
2020-10-28,Coherence,2013,https://boxd.it/1qDISh,5,,,2020-10-27
2020-10-30,Insidious,2010,https://boxd.it/1qREZ7,1.5,Yes,,2020-10-29
2020-11-01,Nine Dead,2010,https://boxd.it/1r2aub,4,,,2020-10-31
2020-11-01,The Nightmare Before Christmas,1993,https://boxd.it/1r67W5,5,Yes,,2020-10-31
2020-11-02,Sorry to Bother You,2018,https://boxd.it/1rfIZX,4,,,2020-11-01
2020-11-03,The Godfather,1972,https://boxd.it/1rl8aB,5,,,2020-11-02
2020-11-03,The Godfather Part II,1974,https://boxd.it/1rnMg9,4.5,,,2020-11-02
2020-11-06,Crash,1996,https://boxd.it/1rEMiX,2,,,2020-11-05
2020-11-07,Waiting for the Carnival,2019,https://boxd.it/1rKdeX,5,,,2020-11-06
2020-11-08,Holidate,2020,https://boxd.it/1rPOKr,2.5,,,2020-11-07
2020-11-10,Possessor,2020,https://boxd.it/1s3GKh,3,,,2020-11-09
2020-11-11,His House,2020,https://boxd.it/1s9wDd,3,,,2020-11-10
2020-11-12,Halloween,1978,https://boxd.it/1seYin,4,,,2020-11-11
2020-11-13,The Fog,1980,https://boxd.it/1sl3XH,3,,,2020-11-12
2020-11-14,Kill the Messenger,2014,https://boxd.it/1sqbB5,4,,,2020-11-13
2020-11-15,The Broken Hearts Gallery,2020,https://boxd.it/1suMeb,4,,,2020-11-14
2020-11-15,Crazy Rich Asians,2018,https://boxd.it/1swTs9,3.5,,,2020-11-14
2020-11-17,The Loved Ones,2009,https://boxd.it/1sL6Rp,4,,,2020-11-16
2020-11-18,Society,1989,https://boxd.it/1sQiK1,3.5,,,2020-11-17
2020-11-22,Alice Júnior,2019,https://boxd.it/1tdJUN,3,,,2020-11-21
2020-11-24,Sputnik,2020,https://boxd.it/1ttzB9,3.5,,,2020-11-23
2020-11-28,Dog Day Afternoon,1975,https://boxd.it/1tSYER,4,,,2020-11-27
2020-11-29,Run,2020,https://boxd.it/1u1Y1N,3.5,,,2020-11-28
2020-11-30,Tenet,2020,https://boxd.it/1u8RlF,2.5,,,2020-11-29
2020-12-01,...And Justice for All,1979,https://boxd.it/1uhucN,5,,,2020-11-30
2020-12-03,The Devil's Advocate,1997,https://boxd.it/1utqVj,4,,,2020-12-02
2020-12-07,Freaky,2020,https://boxd.it/1uWPQr,3.5,,,2020-12-06
2020-12-10,Just Another Christmas,2020,https://boxd.it/1vgA5v,2,,,2020-12-09
2020-12-12,Black Bear,2020,https://boxd.it/1vsIa3,3.5,,,2020-12-11
2020-12-13,Scarface,1983,https://boxd.it/1vAlBB,4,,,2020-12-12
2020-12-14,On the Rocks,2020,https://boxd.it/1vIQy5,2,,,2020-12-13
2020-12-16,Karla,2006,https://boxd.it/1vWbO5,0.5,,,2020-12-15
2020-12-22,Stir of Echoes,1999,https://boxd.it/1wDOz5,3.5,,,2020-12-21
2020-12-26,How the Grinch Stole Christmas,2000,https://boxd.it/1x9gbH,,Yes,,2020-12-25
2020-12-29,Catfish,2010,https://boxd.it/1xKgNl,4,Yes,,2020-12-28
2020-12-30,A Modern Farewell,2020,https://boxd.it/1xRhXl,,,,2020-12-29
2020-12-30,"Paris, Texas",1984,https://boxd.it/1xVkhZ,4.5,,,2020-12-29
2021-01-03,Hamilton,2020,https://boxd.it/1yzlrr,5,Yes,,2021-01-02
2021-01-03,Soul,2020,https://boxd.it/1yCgxv,4.5,,,2021-01-02
2021-01-05,Minari,2020,https://boxd.it/1z4Iav,3.5,,,2021-01-04
2021-01-09,Sound of Metal,2019,https://boxd.it/1zDSD3,5,,,2021-01-08
2021-01-10,Better Watch Out,2016,https://boxd.it/1zNVUV,4,Yes,,2021-01-09
2021-01-14,American History X,1998,https://boxd.it/1AstlP,3.5,,,2021-01-13
2021-01-15,A Man Amidst Bees,2015,https://boxd.it/1AC7en,4,,,2021-01-14
2021-01-17,Killer Inside: The Mind of Aaron Hernandez,2020,https://boxd.it/1AVmbh,3,,,2021-01-16
2021-01-18,The Beach,2000,https://boxd.it/1B8mn9,5,,,2021-01-17
2021-01-19,Nomadland,2020,https://boxd.it/1BhwEx,3.5,,,2021-01-18
2021-01-22,Scanners,1981,https://boxd.it/1BG4gn,2,,,2021-01-21
2021-01-24,Dogville,2003,https://boxd.it/1BVkTP,4,,,2021-01-23
2021-01-25,Twin Peaks: Fire Walk with Me,1992,https://boxd.it/1C6mfp,4,,,2021-01-24
2021-01-26,Spontaneous,2020,https://boxd.it/1ChSaN,3,,,2021-01-25
2021-01-27,Nocturnal Animals,2016,https://boxd.it/1CpJAN,3,,,2021-01-26
2021-01-30,Contact,1997,https://boxd.it/1CNovZ,4.5,,,2021-01-29
2021-02-01,Beginning,2020,https://boxd.it/1D6n4h,3,,,2021-01-31
2021-02-02,Urban Legend,1998,https://boxd.it/1DhrQr,2,,,2021-02-01
2021-02-05,Star Wars,1977,https://boxd.it/1DFfOB,4,,,2021-02-04
2021-02-06,The Empire Strikes Back,1980,https://boxd.it/1DNr21,5,,,2021-02-05
2021-02-07,Return of the Jedi,1983,https://boxd.it/1DYi6P,5,,,2021-02-06
2021-02-09,The Exorcism of Emily Rose,2005,https://boxd.it/1EgBxV,3,Yes,,2021-02-08
2021-02-11,Vile,2011,https://boxd.it/1EvvCZ,2.5,,,2021-02-10
2021-02-13,Crime Scene: The Vanishing at the Cecil Hotel,2021,https://boxd.it/1EL4xZ,3.5,,,2021-02-12
2021-02-14,Saint Maud,2019,https://boxd.it/1EUC33,3,,,2021-02-13
2021-02-16,Drive,2011,https://boxd.it/1Fht85,4,,,2021-02-15
2021-02-17,Star Wars: Episode I – The Phantom Menace,1999,https://boxd.it/1Fq5nt,4,,,2021-02-16
2021-02-19,The Three Deaths of Marisela Escobedo,2020,https://boxd.it/1FGBYt,,,,2021-02-18
2021-02-20,Efeito Casimiro,2013,https://boxd.it/1FNDO5,,,,2021-02-19
2021-02-24,Star Wars: Episode II – Attack of the Clones,2002,https://boxd.it/1Gqxwx,3,,,2021-02-23
2021-02-26,Star Wars: Episode III – Revenge of the Sith,2005,https://boxd.it/1GF43L,4,,,2021-02-25
2021-02-27,Blue Valentine,2010,https://boxd.it/1GNtCx,4,,,2021-02-26
2021-03-02,Bunny Lake Is Missing,1965,https://boxd.it/1HeUCN,3.5,,,2021-03-01
2021-03-06,Lars and the Real Girl,2007,https://boxd.it/1HIsDD,4,,,2021-03-05
2021-03-07,The Disaster Artist,2017,https://boxd.it/1HRhyv,3.5,,,2021-03-06
2021-03-09,The Descent,2005,https://boxd.it/1IaSYN,2,,,2021-03-08
2021-03-10,Ingrid Goes West,2017,https://boxd.it/1Iiskt,4,,,2021-03-09
2021-03-13,Shithouse,2020,https://boxd.it/1IDwX7,3,,,2021-03-12
2021-03-16,The Trial of the Chicago 7,2020,https://boxd.it/1J6bqJ,5,,,2021-03-15
2021-03-18,Crip Camp: A Disability Revolution,2020,https://boxd.it/1JhADZ,4,,,2021-03-17
2021-03-18,One Night in Miami...,2020,https://boxd.it/1JkOkX,3.5,,,2021-03-17
2021-03-19,Promising Young Woman,2020,https://boxd.it/1JsaCX,4,,,2021-03-18
2021-03-20,Better Days,2019,https://boxd.it/1JBpJ3,3.5,,,2021-03-19
2021-03-23,Another Round,2020,https://boxd.it/1K3Mz7,5,,,2021-03-22
2021-03-24,Long Shot,2017,https://boxd.it/1Kba9r,4,,,2021-03-23
2021-03-26,"Quo Vadis, Aida?",2020,https://boxd.it/1KmPLj,3.5,,,2021-03-25
2021-03-26,My Octopus Teacher,2020,https://boxd.it/1KqktB,3,,,2021-03-25
2021-03-28,Time,2020,https://boxd.it/1KHH0B,5,,,2021-03-27
2021-03-29,Zion,2018,https://boxd.it/1KP6jx,,,,2021-03-28
2021-03-29,WHAT DID JACK DO?,2017,https://boxd.it/1KPiQ9,,,,2021-03-28
2021-03-29,Cops and Robbers,2020,https://boxd.it/1KSBKF,,,,2021-03-28
2021-03-30,Host,2020,https://boxd.it/1L3piV,4,Yes,,2021-03-30
2021-04-05,Hillbilly Elegy,2020,https://boxd.it/1LRkVN,3,,,2021-04-04
2021-04-10,Pieces of a Woman,2020,https://boxd.it/1MA0rt,4,,,2021-04-09
2021-04-12,The White Tiger,2021,https://boxd.it/1MVhlf,3.5,,,2021-04-11
2021-04-14,Outcast Rockstar,2019,https://boxd.it/1NdAp7,3.5,,,2021-04-13
2021-04-18,Two Distant Strangers,2020,https://boxd.it/1NKFNp,2.5,,,2021-04-17
2021-04-18,The Father,2020,https://boxd.it/1NLCPz,5,,,2021-04-17
2021-04-19,Da 5 Bloods,2020,https://boxd.it/1NWBiV,4,,,2021-04-18
2021-04-25,Judas and the Black Messiah,2021,https://boxd.it/1OLMH5,5,,,2021-04-24
2021-05-02,Rope,1948,https://boxd.it/1PKSVf,3,,,2021-05-01
2021-05-03,Shiva Baby,2020,https://boxd.it/1PWhUN,3.5,,,2021-05-02
2021-05-04,The King of Staten Island,2020,https://boxd.it/1Q6bpp,4.5,,,2021-05-03
2021-05-08,The To Do List,2013,https://boxd.it/1QzGqV,5,,,2021-05-07
2021-05-14,Marighella,2019,https://boxd.it/1Rnaar,4,,,2021-05-13
2021-05-16,Mogul Mowgli,2020,https://boxd.it/1REVIf,3,,,2021-05-15
2021-05-20,Brigsby Bear,2017,https://boxd.it/1SbCr1,4,,,2021-05-19
2021-05-22,Nobody,2021,https://boxd.it/1SpRcD,2,,,2021-05-21
2021-05-24,The Woman in the Window,2021,https://boxd.it/1SJr1T,1.5,,,2021-05-23
2021-05-25,The Man from the Future,2011,https://boxd.it/1SRPgJ,3,,,2021-05-24
2021-05-29,Alive,1993,https://boxd.it/1Tlhpd,3,,,2021-05-28
2021-05-31,Oxygen,2021,https://boxd.it/1TEeH7,3,,,2021-05-30
2021-06-04,Spiral: From the Book of Saw,2021,https://boxd.it/1UbxO3,2,,,2021-06-03
2021-06-06,Sunshine,2007,https://boxd.it/1UtjVP,3.5,,,2021-06-05
2021-06-07,Uncut Gems,2019,https://boxd.it/1UD2sL,2.5,Yes,,2021-06-06
2021-06-08,Summer of Sam,1999,https://boxd.it/1ULHJJ,3,,,2021-06-07
2021-06-10,Together Together,2021,https://boxd.it/1V0ajj,5,,,2021-06-09
2021-06-15,mother!,2017,https://boxd.it/1VDIPB,,,,2021-06-14
2021-06-16,Saw,2004,https://boxd.it/1VNXaX,4,Yes,,2021-06-16
2021-06-18,Saw II,2005,https://boxd.it/1VYChF,5,Yes,,2021-06-17
2021-06-19,Memento,2000,https://boxd.it/1W5KAJ,4,,,2021-06-18
2021-06-20,Saw III,2006,https://boxd.it/1WdF5x,3,Yes,,2021-06-19
2021-06-20,Captain Fantastic,2016,https://boxd.it/1Wf4jV,,,,2021-06-19
2021-06-21,Saw IV,2007,https://boxd.it/1Wodxb,,Yes,,2021-06-20
2021-06-23,Saw V,2008,https://boxd.it/1WDJUr,,Yes,,2021-06-22
2021-06-24,Thunder Road,2018,https://boxd.it/1WLxpH,3.5,,,2021-06-23
2021-06-25,Saw VI,2009,https://boxd.it/1WSccL,,Yes,,2021-06-24
2021-06-26,Other People,2016,https://boxd.it/1WZmJT,3.5,,,2021-06-25
2021-06-30,Dunkirk,2017,https://boxd.it/1XxjQb,1,,,2021-06-29
2021-07-04,Hostage Radio,2019,https://boxd.it/1Y2SCv,3.5,,,2021-07-03
2021-07-07,A Quiet Place Part II,2020,https://boxd.it/1Yxls5,4,,,2021-07-06
2021-07-08,"I, Tonya",2017,https://boxd.it/1YFM3H,5,,,2021-07-07
2021-07-09,Pontypool,2008,https://boxd.it/1YNSTP,2,,,2021-07-08
2021-07-10,Black Swan,2010,https://boxd.it/1YWJkf,5,,,2021-07-09
2021-07-11,Before Sunrise,1995,https://boxd.it/1Z7omB,1.5,,,2021-07-10
2021-07-13,Do the Right Thing,1989,https://boxd.it/1Zqvdf,4,,,2021-07-12
2021-07-14,Three Identical Strangers,2018,https://boxd.it/1ZzMK9,5,,,2021-07-13
2021-07-15,Plus One,2019,https://boxd.it/1ZHXkx,3.5,,,2021-07-14
2021-07-16,Fear Street: 1994,2021,https://boxd.it/1ZRbRj,2.5,,,2021-07-15
2021-07-17,Little Fish,2020,https://boxd.it/1ZZXOt,5,,,2021-07-16
2021-07-18,Censor,2021,https://boxd.it/20bl7F,3.5,,,2021-07-17
2021-07-20,Mr. Nobody,2009,https://boxd.it/20we6d,4,,,2021-07-19
2021-07-21,"Yes, God, Yes",2019,https://boxd.it/20EzxP,3.5,,,2021-07-20
2021-07-22,Honeymoon,2014,https://boxd.it/20N4XZ,2.5,,,2021-07-21
2021-07-30,Space Jam,1996,https://boxd.it/21WvMh,3.5,,,2021-07-29
2021-07-31,Dallas Buyers Club,2013,https://boxd.it/225fhv,4,,,2021-07-30
2021-08-01,First Cow,2019,https://boxd.it/22fNON,2,,,2021-07-31
2021-08-02,Me and Earl and the Dying Girl,2015,https://boxd.it/22p9K7,4,,,2021-08-01
2021-08-03,The Last Blockbuster,2020,https://boxd.it/22y0VN,3,,,2021-08-02
2021-08-07,Apples,2020,https://boxd.it/236Nyh,3,,,2021-08-06
2021-08-14,Twilight Zone: The Movie,1983,https://boxd.it/248m3f,,,,2021-08-13
2021-08-15,Vicious Fun,2020,https://boxd.it/24isZJ,3,,,2021-08-14
2021-08-16,Pulp Fiction,1994,https://boxd.it/24q8Hh,4.5,,,2021-08-15
2021-08-21,The Clown,2011,https://boxd.it/258Tw9,3,,,2021-08-20
2021-08-25,Twilight,2008,https://boxd.it/25JNNR,,Yes,,2021-08-24
2021-08-27,Calibre,2018,https://boxd.it/260ndn,4,,,2021-08-26
2021-08-29,May,2002,https://boxd.it/26hnop,4,,,2021-08-28
2021-08-30,The Usual Suspects,1995,https://boxd.it/26s5Rv,4,,,2021-08-29
2021-08-31,Death Proof,2007,https://boxd.it/26BsIz,3,,,2021-08-30
2021-09-05,Buffaloed,2019,https://boxd.it/27czix,3.5,,,2021-09-04
2021-09-06,Swiss Army Man,2016,https://boxd.it/27riHZ,3,,,2021-09-05
2021-09-07,Villains,2019,https://boxd.it/27B28f,4,Yes,,2021-09-06
2021-09-08,Catch Me If You Can,2002,https://boxd.it/27KrjP,5,,,2021-09-07
2021-09-10,The Evil Dead,1981,https://boxd.it/280nxP,3.5,,,2021-09-09
2021-09-11,Tone-Deaf,2019,https://boxd.it/287dq9,3,,,2021-09-10
2021-09-13,Malignant,2021,https://boxd.it/28r1mT,4.5,,,2021-09-12
2021-09-18,Saw,2003,https://boxd.it/292sLb,,,,2021-09-17
2021-09-18,A Serious Man,2009,https://boxd.it/293Gq9,3,,,2021-09-17
2021-09-20,Candyman,2021,https://boxd.it/29mknZ,4,,,2021-09-19
2021-09-22,Don't F**k with Cats: Hunting an Internet Killer,2019,https://boxd.it/29BS9H,3,,,2021-09-21
2021-09-24,Escape Room: Tournament of Champions,2021,https://boxd.it/29QFOn,2,,,2021-09-23
2021-09-25,The Boy Who Killed My Parents,2021,https://boxd.it/29Yl6B,4,,,2021-09-24
2021-09-26,The Girl Who Killed Her Parents,2021,https://boxd.it/2a6klL,3,,,2021-09-25
2021-09-27,Old,2021,https://boxd.it/2agoKP,3.5,,,2021-09-26
2021-09-28,The Green Knight,2021,https://boxd.it/2aporh,4,,,2021-09-27
2021-10-01,No One Gets Out Alive,2021,https://boxd.it/2aM9Qn,0.5,,,2021-09-30
2021-10-04,Game Night,2018,https://boxd.it/2bgC7L,4,Yes,,2021-10-03
2021-10-05,The Gift,2015,https://boxd.it/2br2Th,3,,,2021-10-04
2021-10-06,The Shawshank Redemption,1994,https://boxd.it/2bzib7,5,,,2021-10-05
2021-10-07,Se7en,1995,https://boxd.it/2bHQCR,5,,,2021-10-06
2021-10-09,The Guilty,2021,https://boxd.it/2bXUeh,2,,,2021-10-08
2021-10-10,Free Guy,2021,https://boxd.it/2c7XJR,3,,,2021-10-09
2021-10-11,The Night House,2020,https://boxd.it/2cjACd,4,,,2021-10-10
2021-10-16,Prisoners,2013,https://boxd.it/2d50Hd,4,,,2021-10-15
2021-10-17,Halloween Kills,2021,https://boxd.it/2ddVxP,3,,,2021-10-16
2021-10-27,Dune,2021,https://boxd.it/2eQdYz,3.5,,,2021-10-26
2021-10-30,Poltergeist,1982,https://boxd.it/2fghsJ,3,,,2021-10-29
2021-11-01,The Strangers,2008,https://boxd.it/2fG0pF,3,,,2021-10-31
2021-11-07,"Family Romance, LLC",2019,https://boxd.it/2gyIRh,2.5,,,2021-11-06
2021-11-15,Sinister,2012,https://boxd.it/2hTjrJ,2.5,,,2021-11-14
2021-11-19,Last Night in Soho,2021,https://boxd.it/2isQVR,5,,,2021-11-18
2021-11-21,The French Dispatch,2021,https://boxd.it/2iIwIv,3.5,,,2021-11-20
2021-11-21,The Royal Tenenbaums,2001,https://boxd.it/2iKCjP,2.5,,,2021-11-20
2021-11-22,Forrest Gump,1994,https://boxd.it/2iWa1n,2,,,2021-11-21
2021-11-23,"tick, tick... BOOM!",2021,https://boxd.it/2j5COb,3.5,,,2021-11-22
2021-11-25,A Wolf at the Door,2013,https://boxd.it/2jlzCj,4,,,2021-11-24
2021-12-06,Titane,2021,https://boxd.it/2l3uuB,4.5,,,2021-12-05
2021-12-08,Moonlight,2016,https://boxd.it/2lkXl3,3.5,,,2021-12-07
2021-12-09,Silent Night,2021,https://boxd.it/2lsOBd,3.5,,,2021-12-08
2021-12-11,Mona Lisa Smile,2003,https://boxd.it/2lJ8Qf,4,,,2021-12-10
2021-12-12,Leave No Trace,2018,https://boxd.it/2lU2BF,3.5,,,2021-12-11
2021-12-13,Hot Fuzz,2007,https://boxd.it/2m5mqJ,3.5,Yes,,2021-12-12
2021-12-18,Before Sunset,2004,https://boxd.it/2mQMxb,2,,,2021-12-17
2021-12-19,Tattoo,2013,https://boxd.it/2n3YU3,3,,,2021-12-18
2021-12-23,Searching,2018,https://boxd.it/2nR1IR,4,Yes,,2021-12-22
2021-12-29,Lulli,2021,https://boxd.it/2pjxP1,1.5,,,2021-12-28
2022-01-01,Ângelo Anda Sumido,1997,https://boxd.it/2q0loj,4,,,2021-12-31
2022-01-02,Ghost Ship,2002,https://boxd.it/2qsvCV,3,,,2022-01-01
2022-01-09,CODA,2021,https://boxd.it/2sfH2x,5,,,2022-01-08
2022-01-10,Encanto,2021,https://boxd.it/2sDiEz,4,,,2022-01-09
2022-01-17,The Voyeurs,2021,https://boxd.it/2uqe4T,2,,,2022-01-16
2022-01-18,The Lost Daughter,2021,https://boxd.it/2uGJS3,1,,,2022-01-17
2022-01-20,Wild,2014,https://boxd.it/2v5QQj,4.5,,,2022-01-19
2022-01-21,Almost Famous,2000,https://boxd.it/2vh505,4,,,2022-01-20
2022-01-22,The Worst Person in the World,2021,https://boxd.it/2vt0W3,4,,,2022-01-21
2022-01-24,Flightplan,2005,https://boxd.it/2vYvoj,4,,,2022-01-23
2022-01-25,V/H/S,2012,https://boxd.it/2wa7lT,2.5,,,2022-01-24
2022-01-26,The Voyeurs,2021,https://boxd.it/2wm3pL,2,Yes,,2022-01-25
2022-01-29,Nightmare Alley,2021,https://boxd.it/2wUGXl,4,,cinema_2022,2022-01-28
2022-01-30,The Art of Self-Defense,2019,https://boxd.it/2x65sp,3,,,2022-01-29
2022-02-06,Big Fish,2003,https://boxd.it/2ymcIZ,4,,,2022-02-05
2022-02-12,The Tinder Swindler,2022,https://boxd.it/2zwt3N,3,,,2022-02-11
2022-02-17,Dating & New York,2021,https://boxd.it/2Aqs5v,3,,,2022-02-16
2022-02-18,Licorice Pizza,2021,https://boxd.it/2ABfoh,3,,cinema_2022,2022-02-17
2022-02-19,The Fallout,2021,https://boxd.it/2ANnEr,5,,,2022-02-18
2022-02-21,C'mon C'mon,2021,https://boxd.it/2BcxPJ,5,,cinema_2022,2022-02-20
2022-02-26,I Want You Back,2022,https://boxd.it/2C2hPn,3,,,2022-02-25
2022-02-27,The Godfather,1972,https://boxd.it/2ChngD,5,Yes,cinema_2022,2022-02-26
2022-02-28,Moneyball,2011,https://boxd.it/2CqD6d,3.5,,,2022-02-27
2022-03-07,CODA,2021,https://boxd.it/2DLwrp,5,Yes,,2022-03-06
2022-03-12,Fresh,2022,https://boxd.it/2ECl6L,4,,,2022-03-11
2022-03-14,Pink Floyd: The Wall,1982,https://boxd.it/2F37jb,,,cinema_2022,2022-03-13
2022-03-16,Turning Red,2022,https://boxd.it/2FsjNx,4,,,2022-03-15
2022-03-20,Jeepers Creepers,2001,https://boxd.it/2G4loZ,2,,,2022-03-19
2022-03-20,Drive My Car,2021,https://boxd.it/2GbYgf,2,,cinema_2022,2022-03-20
2022-04-03,District 9,2009,https://boxd.it/2IJ39x,3.5,,,2022-04-02
2022-04-09,Stand by Me,1986,https://boxd.it/2JJiYz,4,,,2022-04-08
2022-04-20,X,2022,https://boxd.it/2LPeex,3,,,2022-04-19
2022-04-22,Escape from New York,1981,https://boxd.it/2M9637,3,,,2022-04-21
2022-04-23,Big Time Adolescence,2019,https://boxd.it/2MjGTj,3,,,2022-04-22
2022-04-25,Pleasure,2021,https://boxd.it/2MHqVL,3,,,2022-04-24
2022-05-23,Everything Everywhere All at Once,2022,https://boxd.it/2RFV29,5,,,2022-05-22
2022-06-04,Isle of Flowers,1989,https://boxd.it/2TKqwP,,,,2022-06-03
2022-06-11,Hatching,2022,https://boxd.it/2UYIgn,4,,,2022-06-10
2022-06-13,The Humans,2021,https://boxd.it/2Vph4N,3,,,2022-06-12
2022-06-18,Hustle,2022,https://boxd.it/2WeHgH,5,,,2022-06-17
2022-06-22,Sam Was Here,2016,https://boxd.it/2X3Qal,2.5,,,2022-06-21
2022-06-24,Cha Cha Real Smooth,2022,https://boxd.it/2Xq2sl,5,,,2022-06-23
2022-06-26,Executive Order,2020,https://boxd.it/2XJV1H,2,,cinema_2022,2022-06-25
2022-06-27,Crimes of the Future,2022,https://boxd.it/2Y1Mlz,4,,,2022-06-26
2022-07-10,Men,2022,https://boxd.it/30rlcl,3,,,2022-07-09
2022-07-11,Watcher,2022,https://boxd.it/30GwWp,4,,,2022-07-10
2022-07-18,Elvis,2022,https://boxd.it/323HF5,3.5,,cinema_2022,2022-07-17
2022-07-19,The Little Things,2021,https://boxd.it/32i1FR,2.5,,,2022-07-18
2022-07-20,The Black Phone,2021,https://boxd.it/32tW5t,0.5,,,2022-07-19
2022-07-21,The Bob's Burgers Movie,2022,https://boxd.it/32ExgX,3,,,2022-07-20
2022-07-22,Her,2013,https://boxd.it/32QwGT,4,,,2022-07-21
2022-07-30,I See You,2019,https://boxd.it/34O9gH,4,,,2022-07-29
2022-08-01,No Country for Old Men,2007,https://boxd.it/35hzn3,3.5,,,2022-07-31
2022-08-08,Not Okay,2022,https://boxd.it/36NfTr,3,,,2022-08-07
2022-08-13,Don't Make Me Go,2022,https://boxd.it/37Oae5,4,,,2022-08-12
2022-08-14,Arrival,2016,https://boxd.it/381Ant,5,,,2022-08-13
2022-08-20,Drag Me to Hell,2009,https://boxd.it/39etD5,4,,,2022-08-19
2022-08-21,Whiplash,2014,https://boxd.it/39qJWL,4.5,Yes,,2022-08-20
2022-08-26,Nope,2022,https://boxd.it/3aoxQV,3,,cinema_2022,2022-08-25
2022-08-27,Orphan: First Kill,2022,https://boxd.it/3axZfr,4,,,2022-08-26
2022-08-29,In Fabric,2018,https://boxd.it/3aZShr,2,,,2022-08-28
2022-08-31,The Nest,2020,https://boxd.it/3bneDP,3.5,,,2022-08-30
2022-09-04,Untold: The Girlfriend Who Didn't Exist,2022,https://boxd.it/3c3tIz,4,,,2022-09-03
2022-09-05,Schindler's List,1993,https://boxd.it/3chtTl,4,,,2022-09-04
2022-09-06,Untold: Caitlyn Jenner,2021,https://boxd.it/3cvLeX,3,,,2022-09-05
2022-09-10,Nothing to Hide,2018,https://boxd.it/3daV4Z,3.5,,,2022-09-09
2022-09-12,Vengeance,2022,https://boxd.it/3dChlH,4,,,2022-09-11
2022-09-23,Don't Worry Darling,2022,https://boxd.it/3fCIZ3,3.5,,cinema_2022,2022-09-22
2022-09-30,Smile,2022,https://boxd.it/3gXvHV,4,,cinema_2022,2022-09-29
2022-09-30,Untold: Deal with the Devil,2021,https://boxd.it/3h3m4x,,,,2022-09-29
2022-10-01,Mars One,2022,https://boxd.it/3hau37,5,,cinema_2022,2022-09-30
2022-10-09,Bodies Bodies Bodies,2022,https://boxd.it/3iWavZ,4,,cinema_2022,2022-10-08
2022-10-12,DAHMER - Monster: The Jeffrey Dahmer Story,2022,https://boxd.it/3jBSb7,3.5,,,2022-10-11
2022-10-15,Glorious,2022,https://boxd.it/3kbyvt,0.5,,,2022-10-14
2022-10-22,Evita,1996,https://boxd.it/3lDfZf,1.5,,,2022-10-21
2022-10-23,Matriarch,2022,https://boxd.it/3lT4WV,3,,,2022-10-22
2022-10-25,Spoiled Brats,2021,https://boxd.it/3mj9Zx,3,,,2022-10-24
2022-10-26,Barbarian,2022,https://boxd.it/3myIoB,5,,,2022-10-25
2022-10-29,Petite Maman,2021,https://boxd.it/3n8Gkf,4,,,2022-10-28
2022-10-29,Short Circuit: Reflect,2022,https://boxd.it/3n8Me3,3,,,2022-10-28
2022-11-07,Pearl,2022,https://boxd.it/3pfj2p,3.5,,,2022-11-06
2022-11-12,The Skeleton Key,2005,https://boxd.it/3qakD1,3,,,2022-11-11
2022-11-14,The Secret in Their Eyes,2009,https://boxd.it/3qHAy3,4,,,2022-11-13
2022-11-15,7 Boxes,2012,https://boxd.it/3qUvPf,3.5,,,2022-11-14
2022-11-16,The Strange Thing About the Johnsons,2011,https://boxd.it/3r5OO3,2,,,2022-11-15
2022-11-21,Fire of Love,2022,https://boxd.it/3s5UmN,4,,,2022-11-20
2022-12-02,The Menu,2022,https://boxd.it/3ulTVn,4,,cinema_2022,2022-12-01
2022-12-05,Before Sunrise,1995,https://boxd.it/3uVtJH,4,Yes,cinema_2022,2022-12-04
2022-12-19,Bones and All,2022,https://boxd.it/3y00MJ,4,,,2022-12-18
2022-12-19,Aftersun,2022,https://boxd.it/3y8q3r,3.5,,,2022-12-18
2022-12-21,Black Mirror: White Christmas,2014,https://boxd.it/3yFcHt,,Yes,,2022-12-20
2022-12-24,Nanny,2022,https://boxd.it/3zuPsT,2,,,2022-12-23
2022-12-25,My Life as a Zucchini,2016,https://boxd.it/3zKxVl,4.5,,,2022-12-24
2022-12-26,Wonder,2017,https://boxd.it/3A4cJD,3.5,,,2022-12-25
2022-12-26,Scream,2022,https://boxd.it/3AcvVf,2,,,2022-12-25
2022-12-27,All Too Well: The Short Film,2021,https://boxd.it/3AqUf7,5,,,2022-12-26
2023-01-08,Nine Days,2020,https://boxd.it/3FfjPv,4,,,2023-01-07
2023-01-12,Avatar: The Way of Water,2022,https://boxd.it/3GUoVf,3,,cinema_2023,2023-01-12
2023-01-16,Close,2022,https://boxd.it/3Igmhb,3.5,,,2023-01-15
2023-01-22,The Hunger Games,2012,https://boxd.it/3JYgEv,,Yes,,2023-01-21
2023-01-22,Lady Bird,2017,https://boxd.it/3K6Der,5,Yes,,2023-01-21
2023-01-24,M3GAN,2022,https://boxd.it/3KNbwD,3.5,,cinema_2023,2023-01-23
2023-01-25,The Menu,2022,https://boxd.it/3L6kWX,4,Yes,,2023-01-24
2023-01-26,EO,2022,https://boxd.it/3LnGXx,2.5,,,2023-01-25
2023-01-27,Crash,2004,https://boxd.it/3LFXVz,4.5,,,2023-01-26
2023-02-10,Argentina 1985,2022,https://boxd.it/3PUKJh,4.5,,,2023-02-09
2023-02-11,Wild Tales,2014,https://boxd.it/3Q9a77,4,,,2023-02-10
2023-02-12,The Banshees of Inisherin,2022,https://boxd.it/3QoHI1,3,,cinema_2023,2023-02-11
2023-02-18,The Hunger Games: Catching Fire,2013,https://boxd.it/3RWlCH,,Yes,,2023-02-17
2023-02-18,The Whale,2022,https://boxd.it/3S48Cl,4,,cinema_2023,2023-02-17
2023-02-20,Knock at the Cabin,2023,https://boxd.it/3SCH6n,2,,cinema_2023,2023-02-19
2023-02-27,Final Destination,2000,https://boxd.it/3UMw57,3,,,2023-02-26
2023-03-04,Missing,2023,https://boxd.it/3W0Hwl,5,,cinema_2023,2023-03-03
2023-03-05,Somebody I Used to Know,2023,https://boxd.it/3WiQ2v,2,,,2023-03-04
2023-03-20,Emergency,2022,https://boxd.it/40uRWz,3.5,,,2023-03-19
2023-03-28,Infinity Pool,2023,https://boxd.it/42Di0r,4,,,2023-03-27
2023-04-02,Happening,2021,https://boxd.it/43Ud4V,5,,,2023-04-01
2023-04-03,Triangle of Sadness,2022,https://boxd.it/44fCUp,4.5,,,2023-04-02
2023-04-08,Force Majeure,2014,https://boxd.it/45sYC3,2,,,2023-04-07
2023-04-08,Air,2023,https://boxd.it/45zOkd,4,,cinema_2023,2023-04-07
2023-04-09,Rye Lane,2023,https://boxd.it/45VilH,3,,,2023-04-08
2023-04-14,Punch-Drunk Love,2002,https://boxd.it/47kytr,2.5,,,2023-04-13
2023-04-15,Three Thousand Years of Longing,2022,https://boxd.it/47z1Th,2,,,2023-04-14
2023-04-17,Raquel 1:1,2022,https://boxd.it/4825G5,3.5,,,2023-04-16
2023-04-18,Magnolia,1999,https://boxd.it/48sbbz,5,,,2023-04-17
2023-04-22,Beau Is Afraid,2023,https://boxd.it/49nWgb,4,,cinema_2023,2023-04-21
2023-04-23,Beau Is Afraid,2023,https://boxd.it/49J2vj,4,Yes,cinema_2023,2023-04-22
2023-04-28,"Synecdoche, New York",2008,https://boxd.it/4b00Zp,4,,,2023-04-27
2023-04-29,Evil Dead Rise,2023,https://boxd.it/4bfl8L,4,,cinema_2023,2023-04-28
2023-05-08,Miss Americana,2020,https://boxd.it/4dMYQL,5,,,2023-05-07
2023-05-11,1408,2007,https://boxd.it/4exHVt,3.5,,,2023-05-10
2023-05-20,The Fly,1986,https://boxd.it/4gCqpj,3.5,,,2023-05-19
2023-05-21,Beyond the Infinite Two Minutes,2020,https://boxd.it/4gNPiJ,3,,,2023-05-20
2023-05-30,[REC],2007,https://boxd.it/4j908b,3.5,,,2023-05-29
2023-06-01,Zodiac,2007,https://boxd.it/4jE6nD,4,Yes,,2023-05-31
2023-06-04,The Boogeyman,2023,https://boxd.it/4koqvf,2.5,,cinema_2023,2023-06-03
2023-06-12,30 Days of Night,2007,https://boxd.it/4mHBHd,3.5,,,2023-06-11
2023-06-19,Black Mirror: Joan Is Awful,2023,https://boxd.it/4oCs0d,2,,,2023-06-18
2023-06-24,Tinnitus,2022,https://boxd.it/4pYmL1,3,,cinema_2023,2023-06-23
2023-06-25,Black Mirror: Beyond the Sea,2023,https://boxd.it/4qfwWx,4,,,2023-06-24
2023-06-25,Black Mirror: Demon 79,2023,https://boxd.it/4qh1sF,2,,,2023-06-24
2023-06-26,Kill Bill: Vol. 1,2003,https://boxd.it/4quO9D,5,Yes,cinema_2023,2023-06-25
2023-06-29,Spider-Man: Across the Spider-Verse,2023,https://boxd.it/4rrzRN,4,,cinema_2023,2023-06-28
2023-07-03,Kajillionaire,2020,https://boxd.it/4syI4t,2,,,2023-07-02
2023-07-09,Elemental,2023,https://boxd.it/4uohKl,4,,cinema_2023,2023-07-08
2023-07-13,Broker,2022,https://boxd.it/4vCpBN,3,,cinema_2023,2023-07-12
2023-07-17,"Three Billboards Outside Ebbing, Missouri",2017,https://boxd.it/4wT8ol,5,,,2023-07-16
2023-07-19,Battle of the Sexes,2017,https://boxd.it/4xp8jJ,3.5,,,2023-07-18
2023-07-20,The Night of the 12th,2022,https://boxd.it/4xJ5sN,3.5,,cinema_2023,2023-07-19
2023-07-21,Barbie,2023,https://boxd.it/4yaOgV,5,,cinema_2023,2023-07-20
2023-07-23,Oppenheimer,2023,https://boxd.it/4z0pep,3.5,,cinema_2023,2023-07-22
2023-07-24,Kill Bill: Vol. 2,2004,https://boxd.it/4zyhiV,4,Yes,,2023-07-23
2023-07-25,Barbie,2023,https://boxd.it/4zVNQB,5,Yes,cinema_2023,2023-07-24
2023-07-28,When Harry Met Sally...,1989,https://boxd.it/4B5M09,3.5,,,2023-07-27
2023-07-30,Frances Ha,2012,https://boxd.it/4BUEt5,2,,,2023-07-29
2023-08-14,Mulholland Drive,2001,https://boxd.it/4H79Hh,3,,,2023-08-13
2023-08-18,Chungking Express,1994,https://boxd.it/4IkNsr,3.5,,,2023-08-17
2023-08-19,Talk to Me,2022,https://boxd.it/4IC9xH,3.5,,cinema_2023,2023-08-18
2023-08-21,The Exorcist,1973,https://boxd.it/4Jf5KF,3,,,2023-08-20
2023-08-21,"Are You There God? It's Me, Margaret.",2023,https://boxd.it/4JkiiJ,4,,,2023-08-20
2023-08-27,Past Lives,2023,https://boxd.it/4L5wDf,5,,,2023-08-26
2023-09-04,Choose Love,2023,https://boxd.it/4Nxsax,1.5,,,2023-09-03
2023-09-08,Asteroid City,2023,https://boxd.it/4OzZxR,3,,cinema_2023,2023-09-07
2023-09-17,Oldboy,2003,https://boxd.it/4RfHG9,3,,cinema_2023,2023-09-16
2023-09-18,Donald in Mathmagic Land,1959,https://boxd.it/4RnW4Z,3,Yes,,2023-09-17
2023-09-27,No Hard Feelings,2023,https://boxd.it/4TVWy7,1.5,,,2023-09-26
2023-09-27,A Mouthful of Air,2021,https://boxd.it/4U3r1n,3,,,2023-09-26
2023-09-28,Our Dream,2023,https://boxd.it/4UgsmR,5,,cinema_2023,2023-09-27
2023-09-30,Bottoms,2023,https://boxd.it/4UTahx,3.5,,,2023-09-29
2023-10-02,No One Will Save You,2023,https://boxd.it/4VFwNL,4,,,2023-10-01
2023-10-13,The Prestige,2006,https://boxd.it/4ZgTmp,4,,,2023-10-12
2023-10-14,The Hand That Rocks the Cradle,1992,https://boxd.it/4ZBdJN,1.5,,,2023-10-13
2023-10-16,Hellraiser,1987,https://boxd.it/50bANb,4,,,2023-10-15
2023-10-21,Totally Killer,2023,https://boxd.it/51EIh5,2,,,2023-10-20
2023-10-21,Juno,2007,https://boxd.it/51HcJn,3.5,,,2023-10-20
2023-10-29,The Girl Who Killed Her Parents: The Confession,2023,https://boxd.it/54uSSH,2.5,,,2023-10-28
2023-10-30,The Girl Who Killed Her Parents: The Confession,2023,https://boxd.it/54X1eR,2.5,Yes,,2023-10-29
2023-11-03,Saw II,2005,https://boxd.it/56jSpV,,Yes,,2023-11-02
2023-11-04,Fall,2022,https://boxd.it/56DZSF,1.5,,,2023-11-03
2023-11-08,Sissy,2022,https://boxd.it/57WchH,0.5,,,2023-11-07
2023-11-12,When Evil Lurks,2023,https://boxd.it/599D2J,4,,,2023-11-11
2023-11-16,The Hunger Games: The Ballad of Songbirds & Snakes,2023,https://boxd.it/5asZW7,5,,cinema_2023,2023-11-15
2023-11-18,Snatch,2000,https://boxd.it/5b2kYD,4,,,2023-11-17
2023-11-20,Sick of Myself,2022,https://boxd.it/5bND65,4,,,2023-11-19
2023-11-21,Kimi,2022,https://boxd.it/5c5YWx,2,,,2023-11-20
2023-11-21,Scream VI,2023,https://boxd.it/5c5Zaz,4,,,2023-11-20
2023-12-10,Wonka,2023,https://boxd.it/5isS6Z,4,,cinema_2023,2023-12-09
2023-12-11,Cape Fear,1991,https://boxd.it/5iYUfX,3.5,,,2023-12-10
2023-12-17,The Secret Life of Walter Mitty,2013,https://boxd.it/5kRTXN,4,,,2023-12-16
2023-12-17,Taylor Swift: The Eras Tour,2023,https://boxd.it/5l4pNJ,,,,2023-12-17
2023-12-24,Saltburn,2023,https://boxd.it/5nPmar,3.5,,,2023-12-23
2023-12-26,Glass Onion,2022,https://boxd.it/5oxZhp,2.5,,,2023-12-25
2023-12-30,Interstellar,2014,https://boxd.it/5rb7QX,5,,,2023-12-29
2024-01-02,Monster,2023,https://boxd.it/5sUqmV,4,,cinema_2024,2024-01-01
2024-01-05,Bingo: The King of the Mornings,2017,https://boxd.it/5uLBCF,4,,,2024-01-04
2024-01-06,Quiz Lady,2023,https://boxd.it/5vbfV3,3,,,2024-01-05
2024-01-06,In Time,2011,https://boxd.it/5vimbv,3,,,2024-01-05
2024-01-07,Portrait of a Lady on Fire,2019,https://boxd.it/5wjMst,5,,,2024-01-06
2024-01-10,The Mist,2007,https://boxd.it/5yeEMD,2.5,,,2024-01-09
2024-01-12,The Holdovers,2023,https://boxd.it/5z7kjL,3.5,,cinema_2024,2024-01-11
2024-01-21,High School Musical,2006,https://boxd.it/5E25H9,5,Yes,,2024-01-20
2024-01-22,May December,2023,https://boxd.it/5EvJ8h,4,,cinema_2024,2024-01-21
2024-01-22,Whiplash,2014,https://boxd.it/5ECVcp,5,Yes,,2024-01-21
2024-01-25,12 Angry Men,1957,https://boxd.it/5G5dQH,5,,,2024-01-24
2024-01-26,Anatomy of a Fall,2023,https://boxd.it/5GvANN,3.5,,cinema_2024,2024-01-25
2024-01-28,Anyone But You,2023,https://boxd.it/5HnTjv,2,,cinema_2024,2024-01-27
2024-01-29,Dream Scenario,2023,https://boxd.it/5I7oWt,3.5,,,2024-01-28
2024-02-04,Poor Things,2023,https://boxd.it/5KO9lr,5,,cinema_2024,2024-02-03
2024-02-11,The Hijacking of Flight 375,2023,https://boxd.it/5NYXmr,4,,,2024-02-10
2024-02-12,The Favourite,2018,https://boxd.it/5OiHvR,4,,,2024-02-11
2024-02-12,The Boy and the Heron,2023,https://boxd.it/5OyXzR,3.5,,cinema_2024,2024-02-11
2024-02-13,17 Again,2009,https://boxd.it/5OYaRf,2.5,,,2024-02-12
2024-02-14,Easy A,2010,https://boxd.it/5PlspT,4,Yes,,2024-02-13
2024-02-18,The Zone of Interest,2023,https://boxd.it/5RaIOh,2.5,,cinema_2024,2024-02-17
2024-02-19,The 40 Year Old Virgin,2005,https://boxd.it/5RGEgz,2.5,,,2024-02-18
2024-02-24,Past Lives,2023,https://boxd.it/5TX1Bb,5,Yes,cinema_2024,2024-02-23
2024-02-26,The Holdovers,2023,https://boxd.it/5V0lVb,3.5,Yes,,2024-02-25
2024-03-04,American Fiction,2023,https://boxd.it/5Y1gdx,4.5,,,2024-03-03
2024-03-10,Dune: Part Two,2024,https://boxd.it/611qpb,4,,cinema_2024,2024-03-09
2024-03-11,The Iron Claw,2023,https://boxd.it/61uZxH,5,,cinema_2024,2024-03-10
2024-03-25,The Hijacking of Flight 375,2023,https://boxd.it/682Suj,4,Yes,,2024-03-24
2024-03-27,The Butterfly Effect,2004,https://boxd.it/68XOKh,3.5,Yes,,2024-03-26
2024-03-30,Captains of the Sands,2011,https://boxd.it/6afN6l,4,,,2024-03-29
2024-03-31,All of Us Strangers,2023,https://boxd.it/6aDz1p,3,,cinema_2024,2024-03-30
2024-03-31,Theater Camp,2023,https://boxd.it/6aLNcd,4,,,2024-03-30
2024-04-07,A Happy Family,2023,https://boxd.it/6e3E1j,3.5,,cinema_2024,2024-04-06
2024-04-08,High School Musical 2,2007,https://boxd.it/6emhOv,5,Yes,,2024-04-07
2024-04-14,The Man Who Copied,2003,https://boxd.it/6gUlOP,5,Yes,,2024-04-13
2024-04-15,Saw X,2023,https://boxd.it/6hi6Zr,4,,,2024-04-14
2024-04-16,The Hole,2009,https://boxd.it/6hOzBx,3,,,2024-04-15
2024-04-20,Civil War,2024,https://boxd.it/6jbXpb,4.5,,cinema_2024,2024-04-19
2024-04-21,Late Night with the Devil,2023,https://boxd.it/6jC4kJ,4,,,2024-04-20
2024-04-22,2001: A Space Odyssey,1968,https://boxd.it/6k451J,4,,,2024-04-21
2024-04-27,Elite Squad,2007,https://boxd.it/6lXiAV,4,,,2024-04-26
2024-04-28,Misery,1990,https://boxd.it/6moErF,3.5,,,2024-04-27
2024-05-02,Challengers,2024,https://boxd.it/6obsjL,5,,cinema_2024,2024-05-01
2024-05-06,Cars,2006,https://boxd.it/6q3Uyr,5,Yes,,2024-05-05
2024-05-13,A Bug's Life,1998,https://boxd.it/6sL15l,5,,,2024-05-12
2024-05-16,The Thing,1982,https://boxd.it/6tXHhL,5,Yes,cinema_2024,2024-05-15
2024-05-19,Nine Queens,2000,https://boxd.it/6v3HO7,4,,,2024-05-18
2024-05-23,The Idea of You,2024,https://boxd.it/6wHZ4Z,3.5,,,2024-05-22
2024-05-24,The Greatest Hits,2024,https://boxd.it/6x7aVZ,4,,,2024-05-23
2024-05-31,Immaculate,2024,https://boxd.it/6zWGdP,3,,cinema_2024,2024-05-30
2024-06-01,Ratatouille,2007,https://boxd.it/6AlNMR,,,,2024-05-31
2024-06-02,About Fate,2022,https://boxd.it/6ARNgZ,2.5,,,2024-06-01
2024-06-03,Inside Out,2015,https://boxd.it/6BcCWH,5,Yes,,2024-06-02
2024-06-25,Inside Out 2,2024,https://boxd.it/6K8ujZ,4,,cinema_2024,2024-06-24
2024-06-28,A Quiet Place: Day One,2024,https://boxd.it/6LcroT,3.5,,cinema_2024,2024-06-27
2024-07-01,I Saw the TV Glow,2024,https://boxd.it/6MpyvH,4,,,2024-06-30
2024-07-09,MaXXXine,2024,https://boxd.it/6PXNaf,4,,cinema_2024,2024-07-08
2024-07-28,Mad Max: Fury Road,2015,https://boxd.it/6YwYan,3,,,2024-07-27
2024-07-29,The First Omen,2024,https://boxd.it/6Z2kwx,4,,,2024-07-28
2024-08-01,Zootopia,2016,https://boxd.it/709sQt,3.5,,,2024-07-31
2024-08-21,It Ends with Us,2024,https://boxd.it/79hU2X,2,,cinema_2024,2024-08-20
2024-08-24,Reality,2023,https://boxd.it/7au3xX,3,,,2024-08-23
2024-08-25,Ninjababy,2021,https://boxd.it/7aZzZL,3.5,,,2024-08-24
2024-08-26,Nimic,2019,https://boxd.it/7bgl25,3.5,,,2024-08-25
2024-08-26,Blink Twice,2024,https://boxd.it/7boVoH,3.5,,cinema_2024,2024-08-25
2024-09-01,Trap,2024,https://boxd.it/7easMT,3,,cinema_2024,2024-08-31
2024-09-02,Amour,2012,https://boxd.it/7ePBZz,4.5,,,2024-09-01
2024-09-08,Longlegs,2024,https://boxd.it/7hqe8p,2,,cinema_2024,2024-09-07
2024-09-18,Apocalypse Now,1979,https://boxd.it/7m0uTJ,2,,,2024-09-17
2024-09-25,Chamada a Cobrar,2012,https://boxd.it/7p1rnz,2,,,2024-09-24
2024-09-26,Reality+,2014,https://boxd.it/7po9kD,3,,,2024-09-25
2024-09-27,The Substance,2024,https://boxd.it/7pP4A1,5,,cinema_2024,2024-09-26
2024-10-03,Milk & Serial,2024,https://boxd.it/7spTRR,3.5,,,2024-10-02
2024-10-06,Lamb,2021,https://boxd.it/7tZE4h,2,,,2024-10-05
2024-10-07,Milk & Serial,2024,https://boxd.it/7uh9JJ,3.5,Yes,,2024-10-06
2024-10-07,The Chair,2022,https://boxd.it/7uhJ01,2.5,,,2024-10-06
2024-10-20,The Wild Robot,2024,https://boxd.it/7AQkJp,5,,cinema_2024,2024-10-19
2024-10-21,Identity,2003,https://boxd.it/7BfFnf,3.5,,,2024-10-20
2024-10-23,Smile 2,2024,https://boxd.it/7CAZHF,4.5,,cinema_2024,2024-10-22
2024-10-29,Sidewalls,2011,https://boxd.it/7FIroR,4.5,,,2024-10-28
2024-11-04,Day of the Dead,1985,https://boxd.it/7IZXl7,3.5,,,2024-11-03
2024-11-11,I'm Still Here,2024,https://boxd.it/7Mtuib,5,,cinema_2024,2024-11-10
2024-11-16,Midsommar,2019,https://boxd.it/7ODICn,3,,,2024-11-15
2024-11-17,Me Before You,2016,https://boxd.it/7Ph5zJ,1,,,2024-11-16
2024-12-03,Wicked,2024,https://boxd.it/7XwOUp,4,,cinema_2024,2024-12-02
2024-12-22,A Nonsense Christmas with Sabrina Carpenter,2024,https://boxd.it/870e2d,4,,,2024-12-21
2024-12-22,Olivia Rodrigo: GUTS World Tour,2024,https://boxd.it/872Bwp,5,,,2024-12-21
2024-12-23,Split,2016,https://boxd.it/87IkbN,3.5,Yes,,2024-12-22
2024-12-23,Central Station,1998,https://boxd.it/880f3l,5,,,2024-12-22
2024-12-24,Juror #2,2024,https://boxd.it/88Jy5P,4.5,,,2024-12-23
2024-12-25,Playing,2007,https://boxd.it/89hF9H,4,,,2024-12-24
2024-12-25,Mean Girls,2024,https://boxd.it/89pmST,3,,,2024-12-24
2024-12-25,The Wizard of Oz,1939,https://boxd.it/89vz8L,3,,,2024-12-24
2025-01-03,Emilia Pérez,2024,https://boxd.it/8hQZBN,3.5,,,2025-01-02
2025-01-05,Nosferatu,2024,https://boxd.it/8k1QMd,3.5,,cinema_2025,2025-01-04
2025-01-06,The Belko Experiment,2016,https://boxd.it/8l0niP,3.5,,,2025-01-05
2025-01-09,The Watchers,2024,https://boxd.it/8nFNK1,1.5,,,2025-01-08
2025-01-10,Interstellar,2014,https://boxd.it/8oY9ml,5,Yes,cinema_2025,2025-01-09
2025-01-11,Wild Tales,2014,https://boxd.it/8q1MUL,4,Yes,,2025-01-10
2025-01-12,Babygirl,2024,https://boxd.it/8qRy5D,4,,cinema_2025,2025-01-11
2025-01-13,DeBÍ TiRAR MáS FOToS,2025,https://boxd.it/8rCFgx,,,,2025-01-12
2025-01-13,The Making of The Substance,2025,https://boxd.it/8rFpLb,,,,2025-01-12
2025-01-13,Million Dollar Baby,2004,https://boxd.it/8sf7jZ,5,,,2025-01-12
2025-01-19,A Different Man,2024,https://boxd.it/8wzUOt,4,,,2025-01-18
2025-01-20,Love Lies Bleeding,2024,https://boxd.it/8xfVd3,2.5,,,2025-01-19
2025-01-20,A Real Pain,2024,https://boxd.it/8xHiNx,4.5,,,2025-01-19
2025-01-27,Anora,2024,https://boxd.it/8CGNO5,1,,,2025-01-26
2025-01-27,David Lynch: The Art Life,2016,https://boxd.it/8DbDRP,,,cinema_2025,2025-01-26
2025-02-02,Conclave,2024,https://boxd.it/8HfdfT,3.5,,cinema_2025,2025-02-01
2025-02-07,Companion,2025,https://boxd.it/8KPmlF,4,,cinema_2025,2025-02-06
2025-02-09,Triangle,2009,https://boxd.it/8LRDkd,3,,,2025-02-08
2025-02-10,Blue Velvet,1986,https://boxd.it/8MAFXV,3,,,2025-02-09
2025-02-10,Green Vinyl,2004,https://boxd.it/8MCae5,4,,,2025-02-09
2025-02-10,Eletrodoméstica,2005,https://boxd.it/8MDn6v,,,,2025-02-09
2025-02-10,Cold Tropics,2009,https://boxd.it/8MIubd,4,,,2025-02-09
2025-02-17,Sing Sing,2023,https://boxd.it/8RxTxh,5,,cinema_2025,2025-02-16
2025-02-20,One Day,2011,https://boxd.it/8TpriZ,4,,,2025-02-19
2025-02-23,The Brutalist,2024,https://boxd.it/8V9mir,4,,cinema_2025,2025-02-22
2025-03-06,Woman of the Hour,2023,https://boxd.it/92eL01,3,,,2025-03-05
2025-03-07,A Complete Unknown,2024,https://boxd.it/92WiWj,3,,cinema_2025,2025-03-06
2025-03-09,The 39 Steps,1935,https://boxd.it/942oDj,3,,cinema_2025,2025-03-08
2025-03-09,Dial M for Murder,1954,https://boxd.it/94ctA5,3.5,,cinema_2025,2025-03-08
2025-03-12,Flow,2024,https://boxd.it/96enIT,3.5,,cinema_2025,2025-03-11
2025-03-23,PAPOTA,2025,https://boxd.it/9cyyOd,,,,2025-03-22
2025-03-24,Compliance,2012,https://boxd.it/9doEef,,,,2025-03-23
2025-04-06,Presence,2024,https://boxd.it/9ko4pT,3,,cinema_2025,2025-04-05
2025-04-13,Black Mirror: Common People,2025,https://boxd.it/9ojTxv,3.5,,,2025-04-12
2025-04-13,Black Mirror: Bête Noire,2025,https://boxd.it/9onw5r,3,,,2025-04-12
2025-04-16,Black Mirror: Hotel Reverie,2025,https://boxd.it/9q8iiJ,,,,2025-04-15
2025-04-19,The Social Network,2010,https://boxd.it/9rV9E9,5,Yes,,2025-04-18
2025-04-20,Sinners,2025,https://boxd.it/9stDcR,4.5,,cinema_2025,2025-04-19
2025-04-20,Wallace & Gromit: Vengeance Most Fowl,2024,https://boxd.it/9sEZdp,4,,,2025-04-19
2025-04-21,From Dusk Till Dawn,1996,https://boxd.it/9tp0Rn,4,,,2025-04-20
2025-04-22,Black Mirror: Plaything,2025,https://boxd.it/9u6bK9,2.5,,,2025-04-21
2025-04-27,The Running Man,1987,https://boxd.it/9wW9rh,2,,,2025-04-26
2025-05-03,Black Mirror: Eulogy,2025,https://boxd.it/9AlCM1,3,,,2025-05-02
2025-05-08,The Age of Adaline,2015,https://boxd.it/9Dqv1z,2.5,,,2025-05-07
2025-06-01,The Assessment,2024,https://boxd.it/9RppBZ,5,,,2025-05-31
2025-06-04,Side Effects,2013,https://boxd.it/9TFQxv,3,,,2025-06-03
2025-06-05,"Basic Sanitation, the Movie",2007,https://boxd.it/9UgsSX,5,,cinema_2025,2025-06-04
2025-06-06,A Simple Favor,2018,https://boxd.it/9ULV7t,3,,,2025-06-05
2025-06-07,Invisible Life,2019,https://boxd.it/9Vjb13,3.5,,,2025-06-06
2025-06-08,"Basic Sanitation, the Movie",2007,https://boxd.it/9W0mOh,5,Yes,,2025-06-07
2025-06-09,Diabolique,1955,https://boxd.it/9WuNlh,3,,,2025-06-08
2025-06-15,The Others,2001,https://boxd.it/a0lJ9T,4,,,2025-06-14
2025-06-16,Heretic,2024,https://boxd.it/a162lh,3,,,2025-06-15
2025-06-18,Final Destination 2,2003,https://boxd.it/a2pxVH,3.5,,,2025-06-17
2025-06-24,Final Destination 3,2006,https://boxd.it/a6jd4H,3,,,2025-06-23
2025-06-24,28 Days Later,2002,https://boxd.it/a6oKBf,4,,,2025-06-23
2025-06-27,28 Years Later,2025,https://boxd.it/a8hPHL,5,,cinema_2025,2025-06-26
2025-06-30,Blink Twice,2024,https://boxd.it/a9Z2B7,3.5,Yes,,2025-06-29
2025-07-04,Possession,1981,https://boxd.it/acEuGT,3.5,,,2025-07-03
2025-07-05,The Poughkeepsie Tapes,2007,https://boxd.it/adAWUP,4,,,2025-07-04
2025-07-06,Paris Is Burning,1990,https://boxd.it/aeax5p,4,,cinema_2025,2025-07-05
2025-07-07,Madame Satã,2002,https://boxd.it/af8hyl,3.5,,cinema_2025,2025-07-06
2025-07-11,Bring Her Back,2025,https://boxd.it/ahV7it,2.5,,,2025-07-10
2025-07-18,Y2K,2024,https://boxd.it/anf49D,1.5,,,2025-07-17
2025-07-21,Tully,2018,https://boxd.it/apJxDF,3.5,Yes,,2025-07-20
2025-07-23,Isle of Flowers,1989,https://boxd.it/aqUrUL,5,Yes,,2025-07-22
2025-07-23,This Is Not Your Life,1991,https://boxd.it/aqV4Ch,,,,2025-07-22
2025-07-23,The Man from Earth,2007,https://boxd.it/arkotp,2.5,,,2025-07-22
2025-07-24,Speak No Evil,2024,https://boxd.it/as5NzL,3.5,,,2025-07-23
